stage,backend,planned_records,within_budget_draws,planned_draws,completed,unsupported,internal_budget,rss_limit,timeout
synthetic,onset_rejection_boundary,120,360,360,120,0,0,0,0
synthetic,onset_reset,120,180,360,60,60,0,0,0
synthetic,product_multi,120,264,360,88,0,32,0,0
synthetic,product_prefix,120,72,360,24,96,0,0,0
real_sampling,onset_rejection_boundary,24,768,768,24,0,0,0,0
real_sampling,onset_rejection_drop,24,761,768,23,0,0,0,1
real_sampling,onset_reset,24,0,768,0,24,0,0,0
real_sampling,product_multi,24,256,768,8,0,16,0,0
real_sampling,product_prefix,24,0,768,0,24,0,0,0
real_sampling,template_stream,24,120,768,1,0,0,0,23
real_sampling,ve_aligned,24,0,768,0,0,8,16,0
real_proposal,onset_rejection_boundary,24,768,768,24,0,0,0,0
real_proposal,onset_rejection_boundary_early,24,768,768,24,0,0,0,0
real_proposal,onset_rejection_drop,24,764,768,23,0,0,0,1
real_proposal,onset_rejection_visible,24,768,768,24,0,0,0,0
real_proposal,onset_rejection_visible_early,24,768,768,24,0,0,0,0
real_proposal,product_multi,24,256,768,8,0,16,0,0
long_sampling,onset_rejection_boundary,16,512,512,16,0,0,0,0
long_sampling,onset_rejection_boundary_early,16,512,512,16,0,0,0,0
long_sampling,onset_rejection_drop,16,512,512,16,0,0,0,0
long_sampling,onset_rejection_visible,16,512,512,16,0,0,0,0
long_sampling,onset_rejection_visible_early,16,512,512,16,0,0,0,0
long_sampling,product_multi,16,128,512,4,0,12,0,0
long_sampling,template_stream,16,27,512,0,0,0,0,16
long_sampling,ve_aligned,16,0,512,0,0,8,8,0
