case_id,backend,R,L,D,visibility,target_variant,q_pairing_key,metric,value_numerator,value_denominator,ratio,numerator,denominator,stage
real_bar16_w061_c768_R4_L16_partial,onset_rejection_boundary,4,16,38,partial,narrow,real_bar16_w061_c768_R4_L16_partial,full_workload_solver_seconds,0.2698852190078469,0.2733429739746498,0.9873501231199615,onset_rejection_boundary,onset_rejection_visible,real_proposal
real_bar16_w077_c1024_R4_L16_partial,onset_rejection_boundary,4,16,38,partial,narrow,real_bar16_w077_c1024_R4_L16_partial,full_workload_solver_seconds,0.5803561100037768,0.40496436900866684,1.433104130678115,onset_rejection_boundary,onset_rejection_visible,real_proposal
real_bar16_w110_c512_R3_L16_partial,onset_rejection_boundary,3,16,43,partial,narrow,real_bar16_w110_c512_R3_L16_partial,full_workload_solver_seconds,0.2588885549339466,0.2595468400104437,0.997463713769466,onset_rejection_boundary,onset_rejection_visible,real_proposal
real_bar16_w184_c0_R3_L16_unknown,onset_rejection_boundary,3,16,41,unknown,narrow,real_bar16_w184_c0_R3_L16_unknown,full_workload_solver_seconds,0.1900585499824956,0.19933702299022116,0.9534533381278564,onset_rejection_boundary,onset_rejection_visible,real_proposal
real_bar16_w234_c512_R4_L16_unknown,onset_rejection_boundary,4,16,38,unknown,narrow,real_bar16_w234_c512_R4_L16_unknown,full_workload_solver_seconds,0.2879511850042036,0.29047265599365346,0.991319420477551,onset_rejection_boundary,onset_rejection_visible,real_proposal
real_bar16_w250_c512_R3_L16_partial,onset_rejection_boundary,3,16,38,partial,narrow,real_bar16_w250_c512_R3_L16_partial,full_workload_solver_seconds,0.48044347001996357,0.43629006392438896,1.1012019519730034,onset_rejection_boundary,onset_rejection_visible,real_proposal
real_bar16_w302_c256_R8_L16_partial,onset_rejection_boundary,8,16,38,partial,narrow,real_bar16_w302_c256_R8_L16_partial,full_workload_solver_seconds,1.283491130976472,1.1305520430178149,1.1352782376567225,onset_rejection_boundary,onset_rejection_visible,real_proposal
real_bar16_w382_c256_R4_L16_unknown,onset_rejection_boundary,4,16,38,unknown,narrow,real_bar16_w382_c256_R4_L16_unknown,full_workload_solver_seconds,0.2825897250440903,0.24324947396235075,1.1617280006444268,onset_rejection_boundary,onset_rejection_visible,real_proposal
real_bar16_w384_c256_R4_L16_partial,onset_rejection_boundary,4,16,38,partial,narrow,real_bar16_w384_c256_R4_L16_partial,full_workload_solver_seconds,0.2752006340015214,0.2471085130382562,1.1136833394279544,onset_rejection_boundary,onset_rejection_visible,real_proposal
real_bar16_w395_c768_R8_L16_unknown,onset_rejection_boundary,8,16,38,unknown,narrow,real_bar16_w395_c768_R8_L16_unknown,full_workload_solver_seconds,0.9165612030192278,0.7274421420152066,1.2599781482003662,onset_rejection_boundary,onset_rejection_visible,real_proposal
real_bar16_w400_c512_R8_L16_partial,onset_rejection_boundary,8,16,38,partial,narrow,real_bar16_w400_c512_R8_L16_partial,full_workload_solver_seconds,1.0628871219814755,1.0671901729656383,0.9959678686206368,onset_rejection_boundary,onset_rejection_visible,real_proposal
real_bar16_w451_c512_R6_L16_unknown,onset_rejection_boundary,6,16,38,unknown,narrow,real_bar16_w451_c512_R6_L16_unknown,full_workload_solver_seconds,0.524617172050057,0.4825388750032289,1.0872018799450025,onset_rejection_boundary,onset_rejection_visible,real_proposal
real_bar16_w491_c768_R3_L16_unknown,onset_rejection_boundary,3,16,38,unknown,narrow,real_bar16_w491_c768_R3_L16_unknown,full_workload_solver_seconds,0.18104676700022537,0.1853738780337153,0.9766573851753647,onset_rejection_boundary,onset_rejection_visible,real_proposal
real_bar16_w590_c256_R6_L16_partial,onset_rejection_boundary,6,16,38,partial,narrow,real_bar16_w590_c256_R6_L16_partial,full_workload_solver_seconds,0.46572426994680427,0.4377601229643915,1.0638800692786892,onset_rejection_boundary,onset_rejection_visible,real_proposal
real_bar16_w613_c768_R3_L16_unknown,onset_rejection_boundary,3,16,38,unknown,narrow,real_bar16_w613_c768_R3_L16_unknown,full_workload_solver_seconds,0.2262244249577634,0.17493674703291617,1.293178413310709,onset_rejection_boundary,onset_rejection_visible,real_proposal
real_bar16_w666_c768_R3_L16_unknown,onset_rejection_boundary,3,16,38,unknown,narrow,real_bar16_w666_c768_R3_L16_unknown,full_workload_solver_seconds,0.20866241707699373,0.19732034001208376,1.057480526661445,onset_rejection_boundary,onset_rejection_visible,real_proposal
real_bar16_w670_c1536_R4_L16_partial,onset_rejection_boundary,4,16,39,partial,narrow,real_bar16_w670_c1536_R4_L16_partial,full_workload_solver_seconds,0.3843512650637422,0.27998896001372486,1.372737214513392,onset_rejection_boundary,onset_rejection_visible,real_proposal
real_bar16_w684_c768_R4_L16_unknown,onset_rejection_boundary,4,16,38,unknown,narrow,real_bar16_w684_c768_R4_L16_unknown,full_workload_solver_seconds,0.44495577696943656,0.27649960400594864,1.6092456210529102,onset_rejection_boundary,onset_rejection_visible,real_proposal
real_bar16_w722_c512_R4_L16_unknown,onset_rejection_boundary,4,16,38,unknown,narrow,real_bar16_w722_c512_R4_L16_unknown,full_workload_solver_seconds,0.27688316800049506,0.2757444489689078,1.0041296172446816,onset_rejection_boundary,onset_rejection_visible,real_proposal
real_bar16_w735_c512_R3_L16_partial,onset_rejection_boundary,3,16,38,partial,narrow,real_bar16_w735_c512_R3_L16_partial,full_workload_solver_seconds,0.24436196309397928,0.199016170023242,1.2278497926346466,onset_rejection_boundary,onset_rejection_visible,real_proposal
real_bar16_w766_c0_R3_L16_partial,onset_rejection_boundary,3,16,38,partial,narrow,real_bar16_w766_c0_R3_L16_partial,full_workload_solver_seconds,0.2278205670590978,0.23280936789524276,0.9785713054365159,onset_rejection_boundary,onset_rejection_visible,real_proposal
real_bar16_w834_c0_R8_L16_unknown,onset_rejection_boundary,8,16,38,unknown,narrow,real_bar16_w834_c0_R8_L16_unknown,full_workload_solver_seconds,1.0345802959782304,0.6439638700248906,1.6065812759623326,onset_rejection_boundary,onset_rejection_visible,real_proposal
real_bar16_w846_c768_R6_L16_unknown,onset_rejection_boundary,6,16,38,unknown,narrow,real_bar16_w846_c768_R6_L16_unknown,full_workload_solver_seconds,0.41661367897177115,0.41357248803251423,1.007353465298731,onset_rejection_boundary,onset_rejection_visible,real_proposal
real_bar16_w873_c0_R6_L16_partial,onset_rejection_boundary,6,16,38,partial,narrow,real_bar16_w873_c0_R6_L16_partial,full_workload_solver_seconds,0.45966389605018776,0.46469497302314267,0.9891733776670222,onset_rejection_boundary,onset_rejection_visible,real_proposal
real_bar16_w061_c768_R4_L16_partial,onset_rejection_boundary,4,16,38,partial,narrow,real_bar16_w061_c768_R4_L16_partial,full_workload_solver_seconds,0.2698852190078469,0.24056832498172298,1.1218651459137492,onset_rejection_boundary,onset_rejection_boundary_early,real_proposal
real_bar16_w077_c1024_R4_L16_partial,onset_rejection_boundary,4,16,38,partial,narrow,real_bar16_w077_c1024_R4_L16_partial,full_workload_solver_seconds,0.5803561100037768,0.3220608900155639,1.8020074091446823,onset_rejection_boundary,onset_rejection_boundary_early,real_proposal
real_bar16_w110_c512_R3_L16_partial,onset_rejection_boundary,3,16,43,partial,narrow,real_bar16_w110_c512_R3_L16_partial,full_workload_solver_seconds,0.2588885549339466,0.21396648699010257,1.2099490839699676,onset_rejection_boundary,onset_rejection_boundary_early,real_proposal
real_bar16_w184_c0_R3_L16_unknown,onset_rejection_boundary,3,16,41,unknown,narrow,real_bar16_w184_c0_R3_L16_unknown,full_workload_solver_seconds,0.1900585499824956,0.2384384629840497,0.7970968593066696,onset_rejection_boundary,onset_rejection_boundary_early,real_proposal
real_bar16_w234_c512_R4_L16_unknown,onset_rejection_boundary,4,16,38,unknown,narrow,real_bar16_w234_c512_R4_L16_unknown,full_workload_solver_seconds,0.2879511850042036,0.2588071290665539,1.1126091697812355,onset_rejection_boundary,onset_rejection_boundary_early,real_proposal
real_bar16_w250_c512_R3_L16_partial,onset_rejection_boundary,3,16,38,partial,narrow,real_bar16_w250_c512_R3_L16_partial,full_workload_solver_seconds,0.48044347001996357,0.32499005003774073,1.4783328596188412,onset_rejection_boundary,onset_rejection_boundary_early,real_proposal
real_bar16_w302_c256_R8_L16_partial,onset_rejection_boundary,8,16,38,partial,narrow,real_bar16_w302_c256_R8_L16_partial,full_workload_solver_seconds,1.283491130976472,0.700767877016915,1.831549608752245,onset_rejection_boundary,onset_rejection_boundary_early,real_proposal
real_bar16_w382_c256_R4_L16_unknown,onset_rejection_boundary,4,16,38,unknown,narrow,real_bar16_w382_c256_R4_L16_unknown,full_workload_solver_seconds,0.2825897250440903,0.27404892098275013,1.0311652533814493,onset_rejection_boundary,onset_rejection_boundary_early,real_proposal
real_bar16_w384_c256_R4_L16_partial,onset_rejection_boundary,4,16,38,partial,narrow,real_bar16_w384_c256_R4_L16_partial,full_workload_solver_seconds,0.2752006340015214,0.25526193297991995,1.0781107499611777,onset_rejection_boundary,onset_rejection_boundary_early,real_proposal
real_bar16_w395_c768_R8_L16_unknown,onset_rejection_boundary,8,16,38,unknown,narrow,real_bar16_w395_c768_R8_L16_unknown,full_workload_solver_seconds,0.9165612030192278,0.6324608200375224,1.4491983913957713,onset_rejection_boundary,onset_rejection_boundary_early,real_proposal
real_bar16_w400_c512_R8_L16_partial,onset_rejection_boundary,8,16,38,partial,narrow,real_bar16_w400_c512_R8_L16_partial,full_workload_solver_seconds,1.0628871219814755,1.0426740779803367,1.0193857739709915,onset_rejection_boundary,onset_rejection_boundary_early,real_proposal
real_bar16_w451_c512_R6_L16_unknown,onset_rejection_boundary,6,16,38,unknown,narrow,real_bar16_w451_c512_R6_L16_unknown,full_workload_solver_seconds,0.524617172050057,0.3850448520097416,1.3624832777579488,onset_rejection_boundary,onset_rejection_boundary_early,real_proposal
real_bar16_w491_c768_R3_L16_unknown,onset_rejection_boundary,3,16,38,unknown,narrow,real_bar16_w491_c768_R3_L16_unknown,full_workload_solver_seconds,0.18104676700022537,0.1869011159724323,0.9686767575370152,onset_rejection_boundary,onset_rejection_boundary_early,real_proposal
real_bar16_w590_c256_R6_L16_partial,onset_rejection_boundary,6,16,38,partial,narrow,real_bar16_w590_c256_R6_L16_partial,full_workload_solver_seconds,0.46572426994680427,0.45964443901902996,1.013227247871746,onset_rejection_boundary,onset_rejection_boundary_early,real_proposal
real_bar16_w613_c768_R3_L16_unknown,onset_rejection_boundary,3,16,38,unknown,narrow,real_bar16_w613_c768_R3_L16_unknown,full_workload_solver_seconds,0.2262244249577634,0.19271981400379445,1.1738514076882063,onset_rejection_boundary,onset_rejection_boundary_early,real_proposal
real_bar16_w666_c768_R3_L16_unknown,onset_rejection_boundary,3,16,38,unknown,narrow,real_bar16_w666_c768_R3_L16_unknown,full_workload_solver_seconds,0.20866241707699373,0.22019821098365355,0.9476117727972087,onset_rejection_boundary,onset_rejection_boundary_early,real_proposal
real_bar16_w670_c1536_R4_L16_partial,onset_rejection_boundary,4,16,39,partial,narrow,real_bar16_w670_c1536_R4_L16_partial,full_workload_solver_seconds,0.3843512650637422,0.28579347403137945,1.3448566884404831,onset_rejection_boundary,onset_rejection_boundary_early,real_proposal
real_bar16_w684_c768_R4_L16_unknown,onset_rejection_boundary,4,16,38,unknown,narrow,real_bar16_w684_c768_R4_L16_unknown,full_workload_solver_seconds,0.44495577696943656,0.300568982042023,1.48037822780804,onset_rejection_boundary,onset_rejection_boundary_early,real_proposal
real_bar16_w722_c512_R4_L16_unknown,onset_rejection_boundary,4,16,38,unknown,narrow,real_bar16_w722_c512_R4_L16_unknown,full_workload_solver_seconds,0.27688316800049506,0.24489184100821149,1.1306345154684467,onset_rejection_boundary,onset_rejection_boundary_early,real_proposal
real_bar16_w735_c512_R3_L16_partial,onset_rejection_boundary,3,16,38,partial,narrow,real_bar16_w735_c512_R3_L16_partial,full_workload_solver_seconds,0.24436196309397928,0.2442570050334325,1.000429703379571,onset_rejection_boundary,onset_rejection_boundary_early,real_proposal
real_bar16_w766_c0_R3_L16_partial,onset_rejection_boundary,3,16,38,partial,narrow,real_bar16_w766_c0_R3_L16_partial,full_workload_solver_seconds,0.2278205670590978,0.18992197197803762,1.1995482391339258,onset_rejection_boundary,onset_rejection_boundary_early,real_proposal
real_bar16_w834_c0_R8_L16_unknown,onset_rejection_boundary,8,16,38,unknown,narrow,real_bar16_w834_c0_R8_L16_unknown,full_workload_solver_seconds,1.0345802959782304,0.724506836006185,1.4279786532882326,onset_rejection_boundary,onset_rejection_boundary_early,real_proposal
real_bar16_w846_c768_R6_L16_unknown,onset_rejection_boundary,6,16,38,unknown,narrow,real_bar16_w846_c768_R6_L16_unknown,full_workload_solver_seconds,0.41661367897177115,0.34848709701327607,1.1954924085923897,onset_rejection_boundary,onset_rejection_boundary_early,real_proposal
real_bar16_w873_c0_R6_L16_partial,onset_rejection_boundary,6,16,38,partial,narrow,real_bar16_w873_c0_R6_L16_partial,full_workload_solver_seconds,0.45966389605018776,0.3889910499419784,1.1816824477549055,onset_rejection_boundary,onset_rejection_boundary_early,real_proposal
real_bar16_w061_c768_R4_L16_partial,onset_rejection_boundary,4,16,38,partial,narrow,real_bar16_w061_c768_R4_L16_partial,full_workload_solver_seconds,0.2698852190078469,0.24594821302162018,1.097325390951804,onset_rejection_boundary,onset_rejection_visible_early,real_proposal
real_bar16_w077_c1024_R4_L16_partial,onset_rejection_boundary,4,16,38,partial,narrow,real_bar16_w077_c1024_R4_L16_partial,full_workload_solver_seconds,0.5803561100037768,0.2766240569326328,2.0979958013742563,onset_rejection_boundary,onset_rejection_visible_early,real_proposal
real_bar16_w110_c512_R3_L16_partial,onset_rejection_boundary,3,16,43,partial,narrow,real_bar16_w110_c512_R3_L16_partial,full_workload_solver_seconds,0.2588885549339466,0.21601765994273592,1.198460139798641,onset_rejection_boundary,onset_rejection_visible_early,real_proposal
real_bar16_w184_c0_R3_L16_unknown,onset_rejection_boundary,3,16,41,unknown,narrow,real_bar16_w184_c0_R3_L16_unknown,full_workload_solver_seconds,0.1900585499824956,0.23086274800880346,0.8232534335736492,onset_rejection_boundary,onset_rejection_visible_early,real_proposal
real_bar16_w234_c512_R4_L16_unknown,onset_rejection_boundary,4,16,38,unknown,narrow,real_bar16_w234_c512_R4_L16_unknown,full_workload_solver_seconds,0.2879511850042036,0.2553388399828691,1.1277218343418591,onset_rejection_boundary,onset_rejection_visible_early,real_proposal
real_bar16_w250_c512_R3_L16_partial,onset_rejection_boundary,3,16,38,partial,narrow,real_bar16_w250_c512_R3_L16_partial,full_workload_solver_seconds,0.48044347001996357,0.31585996798821725,1.5210647714555772,onset_rejection_boundary,onset_rejection_visible_early,real_proposal
real_bar16_w302_c256_R8_L16_partial,onset_rejection_boundary,8,16,38,partial,narrow,real_bar16_w302_c256_R8_L16_partial,full_workload_solver_seconds,1.283491130976472,0.721220056002494,1.779610980441223,onset_rejection_boundary,onset_rejection_visible_early,real_proposal
real_bar16_w382_c256_R4_L16_unknown,onset_rejection_boundary,4,16,38,unknown,narrow,real_bar16_w382_c256_R4_L16_unknown,full_workload_solver_seconds,0.2825897250440903,0.23108807802782394,1.2228658763177966,onset_rejection_boundary,onset_rejection_visible_early,real_proposal
real_bar16_w384_c256_R4_L16_partial,onset_rejection_boundary,4,16,38,partial,narrow,real_bar16_w384_c256_R4_L16_partial,full_workload_solver_seconds,0.2752006340015214,0.23118396701465826,1.1903967111355618,onset_rejection_boundary,onset_rejection_visible_early,real_proposal
real_bar16_w395_c768_R8_L16_unknown,onset_rejection_boundary,8,16,38,unknown,narrow,real_bar16_w395_c768_R8_L16_unknown,full_workload_solver_seconds,0.9165612030192278,0.6474081759370165,1.415739308038019,onset_rejection_boundary,onset_rejection_visible_early,real_proposal
real_bar16_w400_c512_R8_L16_partial,onset_rejection_boundary,8,16,38,partial,narrow,real_bar16_w400_c512_R8_L16_partial,full_workload_solver_seconds,1.0628871219814755,1.0457552870066138,1.0163822599681998,onset_rejection_boundary,onset_rejection_visible_early,real_proposal
real_bar16_w451_c512_R6_L16_unknown,onset_rejection_boundary,6,16,38,unknown,narrow,real_bar16_w451_c512_R6_L16_unknown,full_workload_solver_seconds,0.524617172050057,0.3690950309828622,1.4213607012076408,onset_rejection_boundary,onset_rejection_visible_early,real_proposal
real_bar16_w491_c768_R3_L16_unknown,onset_rejection_boundary,3,16,38,unknown,narrow,real_bar16_w491_c768_R3_L16_unknown,full_workload_solver_seconds,0.18104676700022537,0.1802534159651259,1.0044013092947597,onset_rejection_boundary,onset_rejection_visible_early,real_proposal
real_bar16_w590_c256_R6_L16_partial,onset_rejection_boundary,6,16,38,partial,narrow,real_bar16_w590_c256_R6_L16_partial,full_workload_solver_seconds,0.46572426994680427,0.4104852710443083,1.1345699902019952,onset_rejection_boundary,onset_rejection_visible_early,real_proposal
real_bar16_w613_c768_R3_L16_unknown,onset_rejection_boundary,3,16,38,unknown,narrow,real_bar16_w613_c768_R3_L16_unknown,full_workload_solver_seconds,0.2262244249577634,0.18582828798389528,1.2173842175060507,onset_rejection_boundary,onset_rejection_visible_early,real_proposal
real_bar16_w666_c768_R3_L16_unknown,onset_rejection_boundary,3,16,38,unknown,narrow,real_bar16_w666_c768_R3_L16_unknown,full_workload_solver_seconds,0.20866241707699373,0.18818507799005602,1.1088148927941022,onset_rejection_boundary,onset_rejection_visible_early,real_proposal
real_bar16_w670_c1536_R4_L16_partial,onset_rejection_boundary,4,16,39,partial,narrow,real_bar16_w670_c1536_R4_L16_partial,full_workload_solver_seconds,0.3843512650637422,0.2515684979589423,1.5278195329785327,onset_rejection_boundary,onset_rejection_visible_early,real_proposal
real_bar16_w684_c768_R4_L16_unknown,onset_rejection_boundary,4,16,38,unknown,narrow,real_bar16_w684_c768_R4_L16_unknown,full_workload_solver_seconds,0.44495577696943656,0.2523888390423963,1.762977232502317,onset_rejection_boundary,onset_rejection_visible_early,real_proposal
real_bar16_w722_c512_R4_L16_unknown,onset_rejection_boundary,4,16,38,unknown,narrow,real_bar16_w722_c512_R4_L16_unknown,full_workload_solver_seconds,0.27688316800049506,0.24303574497753289,1.1392693203466475,onset_rejection_boundary,onset_rejection_visible_early,real_proposal
real_bar16_w735_c512_R3_L16_partial,onset_rejection_boundary,3,16,38,partial,narrow,real_bar16_w735_c512_R3_L16_partial,full_workload_solver_seconds,0.24436196309397928,0.21348017698619515,1.1446587994433841,onset_rejection_boundary,onset_rejection_visible_early,real_proposal
real_bar16_w766_c0_R3_L16_partial,onset_rejection_boundary,3,16,38,partial,narrow,real_bar16_w766_c0_R3_L16_partial,full_workload_solver_seconds,0.2278205670590978,0.1906391060038004,1.1950358551018183,onset_rejection_boundary,onset_rejection_visible_early,real_proposal
real_bar16_w834_c0_R8_L16_unknown,onset_rejection_boundary,8,16,38,unknown,narrow,real_bar16_w834_c0_R8_L16_unknown,full_workload_solver_seconds,1.0345802959782304,0.5698262169462396,1.8156066976396037,onset_rejection_boundary,onset_rejection_visible_early,real_proposal
real_bar16_w846_c768_R6_L16_unknown,onset_rejection_boundary,6,16,38,unknown,narrow,real_bar16_w846_c768_R6_L16_unknown,full_workload_solver_seconds,0.41661367897177115,0.3500784900097642,1.1900579180404691,onset_rejection_boundary,onset_rejection_visible_early,real_proposal
real_bar16_w873_c0_R6_L16_partial,onset_rejection_boundary,6,16,38,partial,narrow,real_bar16_w873_c0_R6_L16_partial,full_workload_solver_seconds,0.45966389605018776,0.38544423003622796,1.1925561734494867,onset_rejection_boundary,onset_rejection_visible_early,real_proposal
