case_id,backend,R,proposal_log_z,exact_acceptance_from_z_ratio
real_bar16_w666_c768_R3_L16_unknown,onset_rejection_boundary,3,-23.489881972162113,0.5743797192735284
real_bar16_w666_c768_R3_L16_unknown,onset_rejection_visible,3,-23.63525968191757,0.6642565326351387
real_bar16_w666_c768_R3_L16_unknown,onset_rejection_drop,3,-21.638352527415947,0.09017581499662934
real_bar16_w110_c512_R3_L16_partial,onset_rejection_boundary,3,-31.085747560175147,0.6372764500388912
real_bar16_w110_c512_R3_L16_partial,onset_rejection_drop,3,-29.145747560175145,0.09157914297090151
real_bar16_w110_c512_R3_L16_partial,onset_rejection_visible,3,-31.085747560175147,0.6372764500388912
real_bar16_w613_c768_R3_L16_unknown,onset_rejection_visible,3,-32.801888778233234,0.8118266547819635
real_bar16_w613_c768_R3_L16_unknown,onset_rejection_drop,3,-30.95383211398113,0.12789762942133848
real_bar16_w613_c768_R3_L16_unknown,onset_rejection_boundary,3,-32.5917902864449,0.6579890871114817
real_bar16_w250_c512_R3_L16_partial,onset_rejection_drop,3,-26.048067981164007,0.044501496536337296
real_bar16_w250_c512_R3_L16_partial,onset_rejection_visible,3,-28.059728593468538,0.3326807864367596
real_bar16_w250_c512_R3_L16_partial,onset_rejection_boundary,3,-28.03015932943158,0.32298767574431025
real_bar16_w491_c768_R3_L16_unknown,onset_rejection_boundary,3,-31.674032892711246,0.8679600210575906
real_bar16_w491_c768_R3_L16_unknown,onset_rejection_drop,3,-30.899140068654024,0.3999153224621221
real_bar16_w491_c768_R3_L16_unknown,onset_rejection_visible,3,-31.674032892711246,0.8679600210575906
real_bar16_w735_c512_R3_L16_partial,onset_rejection_visible,3,-41.73164288895183,0.7869091773981678
real_bar16_w735_c512_R3_L16_partial,onset_rejection_drop,3,-39.77648243720225,0.11138051327214976
real_bar16_w735_c512_R3_L16_partial,onset_rejection_boundary,3,-41.52302059553899,0.6387355664998712
real_bar16_w184_c0_R3_L16_unknown,onset_rejection_drop,3,-29.194876386316494,0.048690824586514095
real_bar16_w184_c0_R3_L16_unknown,onset_rejection_visible,3,-31.879948873373912,0.7137716494915441
real_bar16_w184_c0_R3_L16_unknown,onset_rejection_boundary,3,-31.846920232246806,0.6905818142997654
real_bar16_w766_c0_R3_L16_partial,onset_rejection_visible,3,-41.50343535164491,0.8332979408172647
real_bar16_w766_c0_R3_L16_partial,onset_rejection_drop,3,-40.13990260739682,0.21312066465131901
real_bar16_w766_c0_R3_L16_partial,onset_rejection_boundary,3,-41.50343535164491,0.8332979408172647
