case_id,R,D,visibility,cold_solver_seconds,full_warm_mean_seconds,full_warm_p95_seconds,full_workload_solver_seconds
real_bar16_w666_c768_R3_L16_unknown,3,38,unknown,0.014576113011571579,0.005496197226156871,0.008149169501848519,0.18495822702243458
real_bar16_w110_c512_R3_L16_partial,3,43,partial,0.023569830009364523,0.0074474814511279784,0.011049736502172891,0.25444175499433186
real_bar16_w684_c768_R4_L16_unknown,4,38,unknown,0.02331277100893203,0.012821896806746091,0.03203301900066435,0.42079157201806083
real_bar16_w384_c256_R4_L16_partial,4,38,partial,0.01997101701272186,0.008192572033412063,0.013399019997450523,0.27394075004849583
real_bar16_w451_c512_R6_L16_unknown,6,38,unknown,0.03580640799191315,0.012536813484339585,0.0250392114976421,0.42444762600644026
real_bar16_w590_c256_R6_L16_partial,6,38,partial,0.027524489996721968,0.014918236065216573,0.026811844494659454,0.4899898080184357
real_bar16_w395_c768_R8_L16_unknown,8,38,unknown,0.03534144000150263,0.026113455387061432,0.045845530497899745,0.844858557000407
real_bar16_w400_c512_R8_L16_partial,8,38,partial,0.04609157599043101,0.031003335772942182,0.08888900550664403,1.0071949849516386
real_bar16_w613_c768_R3_L16_unknown,3,38,unknown,0.020123707989114337,0.007235724258803642,0.014465575499343686,0.24443116001202725
real_bar16_w250_c512_R3_L16_partial,3,38,partial,0.014179234000039287,0.013112294419589754,0.03535427449969575,0.4206603610073216
real_bar16_w234_c512_R4_L16_unknown,4,38,unknown,0.03593896399252117,0.00907846809563888,0.020215897500747815,0.3173714749573264
real_bar16_w670_c1536_R4_L16_partial,4,39,partial,0.023916739010019228,0.00960843883841599,0.016196092001337092,0.3217783430009149
real_bar16_w846_c768_R6_L16_unknown,6,38,unknown,0.04469540200079791,0.01408089728952731,0.03717963850067463,0.4812032179761445
real_bar16_w873_c0_R6_L16_partial,6,38,partial,0.027279859001282603,0.013142809194358696,0.02630788150418084,0.4347069440264022
real_bar16_w834_c0_R8_L16_unknown,8,38,unknown,0.04783712299831677,0.02880149974155375,0.07409205649310024,0.940683614986483
real_bar16_w302_c256_R8_L16_partial,8,38,partial,0.03563150699483231,0.05087160396731399,0.1133589680030127,1.6126512299815658
real_bar16_w491_c768_R3_L16_unknown,3,38,unknown,0.020638138012145646,0.005267690225493072,0.007649814499018248,0.1839365350024309
real_bar16_w735_c512_R3_L16_partial,3,38,partial,0.020808268993278034,0.00704585358025431,0.012711901996226516,0.23922972998116165
real_bar16_w382_c256_R4_L16_unknown,4,38,unknown,0.018313302993192337,0.008882754547577802,0.019156357004249003,0.2936786939681042
real_bar16_w061_c768_R4_L16_partial,4,38,partial,0.019241757996496744,0.008522363869668615,0.018991791002918035,0.2834350379562238
real_bar16_w184_c0_R3_L16_unknown,3,41,unknown,0.01988341899414081,0.005476361902941379,0.009473626494582277,0.18965063798532356
real_bar16_w766_c0_R3_L16_partial,3,38,partial,0.015167862002272159,0.0063838908390607685,0.01264093349891482,0.21306847801315598
real_bar16_w722_c512_R4_L16_unknown,4,38,unknown,0.026431032005348243,0.0076469594205264,0.01254056300240336,0.26348677404166665
real_bar16_w077_c1024_R4_L16_partial,4,38,partial,0.02215101600449998,0.016087332289786108,0.04006171299988637,0.5208583169878693
