case_id,backend,R,value,metric,status
shared_R2_L16_D16_K4_unknown_beta0_s20260931,product_multi,2,57.712890625,peak_process_rss_mib,completed
shared_R2_L16_D16_K4_unknown_beta0_s20260932,product_multi,2,57.703125,peak_process_rss_mib,completed
shared_R3_L16_D16_K4_unknown_beta0_s20260931,product_multi,3,60.8125,peak_process_rss_mib,completed
shared_R3_L16_D16_K4_unknown_beta0_s20260932,product_multi,3,60.6953125,peak_process_rss_mib,completed
shared_R4_L16_D16_K4_unknown_beta0_s20260931,product_multi,4,107.923828125,peak_process_rss_mib,completed
shared_R4_L16_D16_K4_unknown_beta0_s20260932,product_multi,4,107.830078125,peak_process_rss_mib,completed
shared_R6_L16_D16_K4_unknown_beta0_s20260931,product_multi,6,,peak_process_rss_mib,internal_budget
shared_R6_L16_D16_K4_unknown_beta0_s20260932,product_multi,6,,peak_process_rss_mib,internal_budget
shared_R8_L16_D16_K4_unknown_beta0_s20260931,product_multi,8,,peak_process_rss_mib,internal_budget
shared_R8_L16_D16_K4_unknown_beta0_s20260932,product_multi,8,,peak_process_rss_mib,internal_budget
shared_R2_L16_D16_K4_unknown_beta0_s20260931,onset_reset,2,57.134765625,peak_process_rss_mib,completed
shared_R2_L16_D16_K4_unknown_beta0_s20260932,onset_reset,2,57.22265625,peak_process_rss_mib,completed
shared_R3_L16_D16_K4_unknown_beta0_s20260931,onset_reset,3,57.3125,peak_process_rss_mib,completed
shared_R3_L16_D16_K4_unknown_beta0_s20260932,onset_reset,3,57.3203125,peak_process_rss_mib,completed
shared_R4_L16_D16_K4_unknown_beta0_s20260931,onset_reset,4,57.373046875,peak_process_rss_mib,completed
shared_R4_L16_D16_K4_unknown_beta0_s20260932,onset_reset,4,57.203125,peak_process_rss_mib,completed
shared_R6_L16_D16_K4_unknown_beta0_s20260931,onset_reset,6,57.330078125,peak_process_rss_mib,completed
shared_R6_L16_D16_K4_unknown_beta0_s20260932,onset_reset,6,57.455078125,peak_process_rss_mib,completed
shared_R8_L16_D16_K4_unknown_beta0_s20260931,onset_reset,8,57.619140625,peak_process_rss_mib,completed
shared_R8_L16_D16_K4_unknown_beta0_s20260932,onset_reset,8,57.50390625,peak_process_rss_mib,completed
