case_id,backend,R,L,D,visibility,target_variant,q_pairing_key,metric,value
shared_R2_L16_D16_K4_unknown_beta0_s20260931,product_multi,2,16,16,unknown,narrow,R2_L16_s20260931,cold_solver_seconds,0.016875818007974885
shared_R2_L16_D16_K4_unknown_beta0_s20260932,product_multi,2,16,16,unknown,narrow,R2_L16_s20260932,cold_solver_seconds,0.01682492448890116
shared_R3_L16_D16_K4_unknown_beta0_s20260931,product_multi,3,16,16,unknown,narrow,R3_L16_s20260931,cold_solver_seconds,0.04944465751032112
shared_R3_L16_D16_K4_unknown_beta0_s20260932,product_multi,3,16,16,unknown,narrow,R3_L16_s20260932,cold_solver_seconds,0.04961038399778772
shared_R4_L16_D16_K4_unknown_beta0_s20260931,product_multi,4,16,16,unknown,narrow,R4_L16_s20260931,cold_solver_seconds,0.6821034760068869
shared_R4_L16_D16_K4_unknown_beta0_s20260932,product_multi,4,16,16,unknown,narrow,R4_L16_s20260932,cold_solver_seconds,0.6916121925096377
shared_R6_L16_D16_K4_unknown_beta0_s20260931,product_multi,6,16,16,unknown,narrow,R6_L16_s20260931,cold_solver_seconds,
shared_R6_L16_D16_K4_unknown_beta0_s20260932,product_multi,6,16,16,unknown,narrow,R6_L16_s20260932,cold_solver_seconds,
shared_R8_L16_D16_K4_unknown_beta0_s20260931,product_multi,8,16,16,unknown,narrow,R8_L16_s20260931,cold_solver_seconds,
shared_R8_L16_D16_K4_unknown_beta0_s20260932,product_multi,8,16,16,unknown,narrow,R8_L16_s20260932,cold_solver_seconds,
shared_R2_L16_D16_K4_unknown_beta0_s20260931,onset_reset,2,16,16,unknown,narrow,R2_L16_s20260931,cold_solver_seconds,0.008475723501760513
shared_R2_L16_D16_K4_unknown_beta0_s20260932,onset_reset,2,16,16,unknown,narrow,R2_L16_s20260932,cold_solver_seconds,0.008731211004487704
shared_R3_L16_D16_K4_unknown_beta0_s20260931,onset_reset,3,16,16,unknown,narrow,R3_L16_s20260931,cold_solver_seconds,0.01220261801063316
shared_R3_L16_D16_K4_unknown_beta0_s20260932,onset_reset,3,16,16,unknown,narrow,R3_L16_s20260932,cold_solver_seconds,0.011967830498178955
shared_R4_L16_D16_K4_unknown_beta0_s20260931,onset_reset,4,16,16,unknown,narrow,R4_L16_s20260931,cold_solver_seconds,0.015250762495270465
shared_R4_L16_D16_K4_unknown_beta0_s20260932,onset_reset,4,16,16,unknown,narrow,R4_L16_s20260932,cold_solver_seconds,0.01531765050458489
shared_R6_L16_D16_K4_unknown_beta0_s20260931,onset_reset,6,16,16,unknown,narrow,R6_L16_s20260931,cold_solver_seconds,0.022593181500269566
shared_R6_L16_D16_K4_unknown_beta0_s20260932,onset_reset,6,16,16,unknown,narrow,R6_L16_s20260932,cold_solver_seconds,0.022405469993827865
shared_R8_L16_D16_K4_unknown_beta0_s20260931,onset_reset,8,16,16,unknown,narrow,R8_L16_s20260931,cold_solver_seconds,0.0293076870002551
shared_R8_L16_D16_K4_unknown_beta0_s20260932,onset_reset,8,16,16,unknown,narrow,R8_L16_s20260932,cold_solver_seconds,0.02942465899832314
shared_R2_L16_D16_K4_unknown_beta0_s20260931,product_multi,2,16,16,unknown,narrow,R2_L16_s20260931,full_warm_mean_seconds,0.0013152940009604208
shared_R2_L16_D16_K4_unknown_beta0_s20260932,product_multi,2,16,16,unknown,narrow,R2_L16_s20260932,full_warm_mean_seconds,0.001342286999715725
shared_R3_L16_D16_K4_unknown_beta0_s20260931,product_multi,3,16,16,unknown,narrow,R3_L16_s20260931,full_warm_mean_seconds,0.0030000897495483514
shared_R3_L16_D16_K4_unknown_beta0_s20260932,product_multi,3,16,16,unknown,narrow,R3_L16_s20260932,full_warm_mean_seconds,0.0030725564975000452
shared_R4_L16_D16_K4_unknown_beta0_s20260931,product_multi,4,16,16,unknown,narrow,R4_L16_s20260931,full_warm_mean_seconds,0.04534952724861796
shared_R4_L16_D16_K4_unknown_beta0_s20260932,product_multi,4,16,16,unknown,narrow,R4_L16_s20260932,full_warm_mean_seconds,0.046107748748909216
shared_R6_L16_D16_K4_unknown_beta0_s20260931,product_multi,6,16,16,unknown,narrow,R6_L16_s20260931,full_warm_mean_seconds,
shared_R6_L16_D16_K4_unknown_beta0_s20260932,product_multi,6,16,16,unknown,narrow,R6_L16_s20260932,full_warm_mean_seconds,
shared_R8_L16_D16_K4_unknown_beta0_s20260931,product_multi,8,16,16,unknown,narrow,R8_L16_s20260931,full_warm_mean_seconds,
shared_R8_L16_D16_K4_unknown_beta0_s20260932,product_multi,8,16,16,unknown,narrow,R8_L16_s20260932,full_warm_mean_seconds,
shared_R2_L16_D16_K4_unknown_beta0_s20260931,onset_reset,2,16,16,unknown,narrow,R2_L16_s20260931,full_warm_mean_seconds,0.002189725750213256
shared_R2_L16_D16_K4_unknown_beta0_s20260932,onset_reset,2,16,16,unknown,narrow,R2_L16_s20260932,full_warm_mean_seconds,0.002297790750162676
shared_R3_L16_D16_K4_unknown_beta0_s20260931,onset_reset,3,16,16,unknown,narrow,R3_L16_s20260931,full_warm_mean_seconds,0.0031867637517279945
shared_R3_L16_D16_K4_unknown_beta0_s20260932,onset_reset,3,16,16,unknown,narrow,R3_L16_s20260932,full_warm_mean_seconds,0.0032788467506179586
shared_R4_L16_D16_K4_unknown_beta0_s20260931,onset_reset,4,16,16,unknown,narrow,R4_L16_s20260931,full_warm_mean_seconds,0.004197639751509996
shared_R4_L16_D16_K4_unknown_beta0_s20260932,onset_reset,4,16,16,unknown,narrow,R4_L16_s20260932,full_warm_mean_seconds,0.004206279252684908
shared_R6_L16_D16_K4_unknown_beta0_s20260931,onset_reset,6,16,16,unknown,narrow,R6_L16_s20260931,full_warm_mean_seconds,0.006180160751682706
shared_R6_L16_D16_K4_unknown_beta0_s20260932,onset_reset,6,16,16,unknown,narrow,R6_L16_s20260932,full_warm_mean_seconds,0.006001636756991502
shared_R8_L16_D16_K4_unknown_beta0_s20260931,onset_reset,8,16,16,unknown,narrow,R8_L16_s20260931,full_warm_mean_seconds,0.007944917746499414
shared_R8_L16_D16_K4_unknown_beta0_s20260932,onset_reset,8,16,16,unknown,narrow,R8_L16_s20260932,full_warm_mean_seconds,0.007917757749964949
