case_id,q_pairing_key,work_id,R,D,visibility,target_variant,cold_solver_seconds,full_warm_mean_seconds,full_workload_solver_seconds,accepted_per_completed_attempt
real_bar16_w050_c0_R3_L32_unknown,real_bar16_w050_c0_R3_L32_unknown,050,3,38,unknown,narrow,0.030709340993780643,0.013336846806323006,0.4441515919897938,0.6530612244897959
real_bar16_w050_c0_R3_L32_unknown_wide36_96,real_bar16_w050_c0_R3_L32_unknown,050,3,62,unknown,wide,0.03316725301556289,0.012597198775526317,0.4236804150568787,0.6530612244897959
real_bar16_w400_c256_R3_L32_partial,real_bar16_w400_c256_R3_L32_partial,400,3,38,partial,narrow,0.034161954987212084,0.022708030094602896,0.7381108879199019,0.3333333333333333
real_bar16_w400_c256_R3_L32_partial_wide36_96,real_bar16_w400_c256_R3_L32_partial,400,3,62,partial,wide,0.030953620982472785,0.022703261160659755,0.7347547169629252,0.32323232323232326
real_bar16_w722_c0_R4_L32_unknown,real_bar16_w722_c0_R4_L32_unknown,722,4,38,unknown,narrow,0.038828502991236746,0.01482350664493072,0.4983572089840891,0.8421052631578947
real_bar16_w722_c0_R4_L32_unknown_wide36_96,real_bar16_w722_c0_R4_L32_unknown,722,4,62,unknown,wide,0.058714920000056736,0.015579801354643649,0.5416887619940098,0.7441860465116279
real_bar16_w141_c256_R4_L32_partial,real_bar16_w141_c256_R4_L32_partial,141,4,38,partial,narrow,0.06150119499943685,0.024846845226655263,0.83175339702575,0.22695035460992907
real_bar16_w141_c256_R4_L32_partial_wide36_96,real_bar16_w141_c256_R4_L32_partial,141,4,62,partial,wide,0.03727338802127633,0.042408127385574666,1.351925336974091,0.12167300380228137
real_bar16_w796_c512_R3_L32_unknown,real_bar16_w796_c512_R3_L32_unknown,796,3,38,unknown,narrow,0.030618954988312908,0.011211302806435513,0.3781693419878138,0.8888888888888888
real_bar16_w796_c512_R3_L32_unknown_wide36_96,real_bar16_w796_c512_R3_L32_unknown,796,3,62,unknown,wide,0.043997895991196856,0.01119968261346296,0.39118805700854864,0.8648648648648649
real_bar16_w451_c1280_R3_L32_partial,real_bar16_w451_c1280_R3_L32_partial,451,3,38,partial,narrow,0.03511976700974628,0.012568969065473685,0.42475780803943053,0.6037735849056604
real_bar16_w451_c1280_R3_L32_partial_wide36_96,real_bar16_w451_c1280_R3_L32_partial,451,3,62,partial,wide,0.04407679500582162,0.012635791870941888,0.43578634300502017,0.5714285714285714
real_bar16_w472_c256_R4_L32_unknown,real_bar16_w472_c256_R4_L32_unknown,472,4,38,unknown,narrow,0.03926225900067948,0.014688216032922238,0.49459695602126885,0.6666666666666666
real_bar16_w472_c256_R4_L32_unknown_wide36_96,real_bar16_w472_c256_R4_L32_unknown,472,4,62,unknown,wide,0.045437084991135634,0.016340584937302817,0.5519952180475229,0.5614035087719298
real_bar16_w677_c512_R4_L32_partial,real_bar16_w677_c512_R4_L32_partial,677,4,38,partial,narrow,0.03636606500367634,0.023705108905672997,0.7712244410795392,0.3368421052631579
real_bar16_w677_c512_R4_L32_partial_wide36_96,real_bar16_w677_c512_R4_L32_partial,677,4,62,partial,wide,0.0790023509907769,0.021451140420639045,0.7439877040305873,0.34408602150537637
